ID, Class, No.
7f36514a-4e2d-4a94-a9d6-321d5c447080, c21039c9-53e7-4b5d-9360-c00ff3eaaacd, 1
b2744fc4-69d0-4496-ba2d-095dbe2e0395, fcd90085-b3f0-4599-8bfb-8a33b6b87f65, 2
ade16aea-c259-4103-8581-29f40c6d557f, 9fa247ef-cccb-4b4b-9934-be558913bce6, 3
e5056400-3802-4a0b-b425-34fb0c5f8ca1, e7fafc35-f442-4eb6-9c6e-58baa4789795, 4
524a97a9-549e-44a1-9cdb-8a845a098d1e, f84886ba-63c1-42bc-85b6-bb00297303d4, 5
166c8a29-b10b-42d2-bcd0-ddff700bf79b, 47916d99-f312-4fde-8a6b-cea5f73d4da2, 6
6d3c96bd-f409-4230-b020-dce35920b9fb, 9cdcb7bf-d68d-4016-ac9e-b91ebba1095d, 7
fa475b85-e90d-48fd-b3dd-2d9f4453135f, 17b32cd3-f93a-44e2-a874-40e82d962847, 8
3be05ef9-145a-4de0-951c-8d2fdec1202d, 1b978340-e268-47c8-be62-9a5ba9889a2e, 9
37afc7f7-b8cf-47a5-ba54-544fd8d80a1f, ee443e8e-47cc-4649-86af-241ac2cfab63, 10
77849f6e-4a7f-4078-a209-b1496986773b, 850a0810-2237-4def-8bee-13c96a33d626, 11
79c07c5d-eb9d-4d1d-a52b-f2563931e63f, d28f8103-3469-4815-aa8d-3c4e8310939b, 12
78138ea1-751b-4434-add2-9a41c90bc3a0, 863ba612-80ad-4804-abba-d81b3a108845, 13
6e7d446d-dffa-49ee-b5c7-7348bc568786, f34d38a8-ab37-46a1-815f-598b96e044c3, 14
3c0b9ffb-b767-40cb-8984-496e1a1a96db, 5aa9a6e8-2e5b-435e-8929-56cae2c3f3cb, 15
0ee7baea-f64b-4c38-aa79-ee47c090e50b, 9edcdd74-37bb-4ff9-a2e7-d1d58475dd4c, 16
2fdf60c3-42f8-4aff-87e6-2c42014f1a21, 270e427f-1da8-4d3b-9045-fc949848eaa8, 17
3b1ed92f-c81a-4881-b491-81b22a13531c, fca16876-5bbb-4a90-b8d2-ac7e0f119ba0, 18
c672eb4e-e1f8-4e00-b878-123e3a556ecd, 6b701c41-4424-4d64-b768-9099cbb992cf, 19
34e505b7-ed6f-49de-81e8-e06ec9939da5, f3bbfda1-5d31-416a-b994-1b18f09641e3, 20
