UUID, No, Number Of Students
0e8aec32-08b9-45e3-a370-50813e7cb863, 1, 31
abfcfe23-9daa-4307-b45c-b3307a59cdf9, 2, 33
1f81a60e-5cb1-41fd-ab31-d217edcf1b92, 3, 37
24c89f70-cad3-4b35-9b47-76271eb28b0c, 4, 31
050f7a1f-b8ad-46ae-85b2-db688ba1cab4, 5, 36
1e1bc7d7-0000-4a18-849f-c3ec1f1a4cb2, 6, 33
624553a9-a0c7-484a-8c5d-bd6b68d25624, 7, 49
a350f7c7-d81d-4b71-8bc4-cb1838f6570d, 8, 40
65d55b2e-5b3f-461c-beeb-45e76b9e03be, 9, 39
d158cd5b-bd43-4d97-b73e-1f4056b0468d, 10, 39
7453716a-0eb0-4e74-87fb-1f11d1f9c62c, 11, 34
ff39e66e-56cc-4d47-b84a-4d6f627b4a07, 12, 47
83a35b8d-63b7-45e1-a373-33f91f3bf2e5, 13, 40
1620e37b-d48b-4d82-bda9-8575a388dbc1, 14, 47
439048fd-c90a-42c7-bb17-6f06a088a937, 15, 50
0f2e3402-7205-4769-ad2e-95a38f3acc85, 16, 48
e485fe29-f44f-4258-a465-631fd33dc631, 17, 48
e45c13c8-dff9-4edd-8574-3d7d66b5fdd0, 18, 34
7964ab84-c1e5-482d-ab92-228293853861, 19, 44
7090d3f3-bd07-4b43-9206-2e5add8e7614, 20, 42
0367b43e-e25b-42ff-9418-0150634486a2, 21, 38
3fe65c47-dbce-418c-a3bb-f5ff67acb53f, 22, 46
64b2e410-6a18-434d-80fb-789547c51450, 23, 45
7dca191f-f998-4439-8005-c73e82304f7f, 24, 31
84d3111f-5a59-4772-95ff-168d207061de, 25, 46
02b9c133-4fee-4fe8-b6e5-3bafe16ce12d, 26, 49
8bab199c-e352-4aa0-9527-a0bf6815705f, 27, 50