Level, UUID, Room, Name
30eb8585-8530-4c9e-b2f2-902ddad3dcf6, 609acbbe-56a6-4934-8983-83d9a27c6bd9, 7757a9f5-57f7-464f-806e-6dd3970f56d8, 10A1
24ff0be8-c7bc-411e-a381-1aa41c1ed98f, 891da4d5-8ac2-4e39-a350-6ae4cbc59ceb, 43a78f1a-9966-4dfa-82ed-295e28c30840, 11A1
4f0ad79f-82d3-4d4b-a5d7-b671a71497b0, aa743c19-9b63-49f3-8cd4-eb78bd26ba13, ea99e378-3569-4775-8cc4-f25d91564809, 12A1
30eb8585-8530-4c9e-b2f2-902ddad3dcf6, e25df107-2989-4d28-beb2-1e5275e7e929, 1498ded0-641e-4c5e-af0f-f7c6a0c5f12a, 10A2
24ff0be8-c7bc-411e-a381-1aa41c1ed98f, ac80994a-2870-458e-abe3-22064b777fa3, 2ede55eb-7fb4-450d-b944-ff6a10c65e5b, 11A2
4f0ad79f-82d3-4d4b-a5d7-b671a71497b0, 47ecb2c6-9319-440d-a0d7-9275bcc4131c, cfe14f53-277a-49ff-8de9-5943f9257651, 12A2
30eb8585-8530-4c9e-b2f2-902ddad3dcf6, ae00255e-9691-480a-b813-7103773f6c5a, 4ce48a75-0a8d-44a1-a0f2-d41e7de2f6ba, 10A3
24ff0be8-c7bc-411e-a381-1aa41c1ed98f, 8bb639b8-b281-4cd9-a4c0-47fe65ea9109, 78a6331a-67b8-4beb-8d60-869237f6e66b, 11A3
4f0ad79f-82d3-4d4b-a5d7-b671a71497b0, b8decf77-b8f2-4156-9afa-3adfa027a908, 19576a0c-b47a-4953-984b-de895605dda1, 12A3
30eb8585-8530-4c9e-b2f2-902ddad3dcf6, e227e4dc-7c11-42e0-943e-116f6a64df66, 4e379687-ce9e-4cda-a4e6-bcde9a243dcf, 10A4
24ff0be8-c7bc-411e-a381-1aa41c1ed98f, 1fdfae0b-0456-46c0-8d7b-ed39b142d584, 3ec77af0-792d-458b-8639-bf7de4046ffa, 11A4
4f0ad79f-82d3-4d4b-a5d7-b671a71497b0, aecf2528-d2e2-44e5-8546-f58d74eba2b7, f581c7f1-e43b-4da1-bbda-3abde52ce4fe, 12A4
30eb8585-8530-4c9e-b2f2-902ddad3dcf6, b28f28d0-5d78-4c40-b380-7ba2bb25266b, 2f214dee-52e8-4847-9e0c-935b0b18f3f0, 10A5
24ff0be8-c7bc-411e-a381-1aa41c1ed98f, 1f113867-1ffd-4d94-8366-43a5e9f2043b, cfc783ca-0555-47a1-967c-dd61c8209d08, 11A5
4f0ad79f-82d3-4d4b-a5d7-b671a71497b0, bef517df-28b6-46b7-a069-b6a77ab97ccd, 24c0f291-b7af-4a31-b423-4471a3a306bd, 12A5
30eb8585-8530-4c9e-b2f2-902ddad3dcf6, f864898c-9f48-4658-89eb-9b7fd227dd6b, be1bce8e-e8c7-4fa6-a5ab-52b252108f80, 10A6
24ff0be8-c7bc-411e-a381-1aa41c1ed98f, d9e944a1-2586-46df-af6f-a48265723caa, 2351bb6b-2286-4db9-98e4-a1a138c0bafc, 11A6
4f0ad79f-82d3-4d4b-a5d7-b671a71497b0, 324fa659-3bae-4c7c-9405-7c28afc23bf2, abdd6db7-1ab2-412f-a9da-d84afe7ae9e2, 12A6
30eb8585-8530-4c9e-b2f2-902ddad3dcf6, a679e2e5-dabe-4abc-bd8d-61b5849029f5, 3bfd5f2f-c438-4148-bad2-b155cf17ad52, 10A7
24ff0be8-c7bc-411e-a381-1aa41c1ed98f, 1cc648b0-ccf8-4fab-903d-5e065b10fb3e, 58193a52-dfd9-4187-9d3a-549185b64fcb, 11A7
4f0ad79f-82d3-4d4b-a5d7-b671a71497b0, ce823dda-9e89-4fee-a7ed-21962154acd5, 045627be-42c6-4daa-86a4-355b259ec020, 12A7
30eb8585-8530-4c9e-b2f2-902ddad3dcf6, 5eab4133-d490-4b2d-84a2-a0680d4d4b92, 27941572-b165-43f8-ac81-5360f0859e95, 10A8
24ff0be8-c7bc-411e-a381-1aa41c1ed98f, a3aece9b-5edf-4d75-aada-d5423b5fd6b6, 2c469a10-6484-4225-a80a-8a4fa6e78d9a, 11A8
4f0ad79f-82d3-4d4b-a5d7-b671a71497b0, dc7fd99b-d969-484c-b53e-f9295ae3427f, ee3a79f6-bf81-41ce-8c38-186a0e7b6927, 12A8
30eb8585-8530-4c9e-b2f2-902ddad3dcf6, 9a50d859-ecaa-45a3-aaba-cff796b186fc, 47e14410-5530-494b-80ab-e0da3ccb8490, 10A9
24ff0be8-c7bc-411e-a381-1aa41c1ed98f, d1425161-6631-4763-8e9b-24aab4c43a45, ef1df63b-d8c5-4b15-b1ef-43ecfbcf7c59, 11A9
4f0ad79f-82d3-4d4b-a5d7-b671a71497b0, d09b9463-8e1b-4320-8eb7-73ffca26fde3, e7de1f77-d1b2-42fa-b799-1d484949ea30, 12A9
30eb8585-8530-4c9e-b2f2-902ddad3dcf6, 25188ab5-9117-4d40-a95a-1da1dad15cec, 5de1e013-e08e-4f6e-95fd-65f1326d2ca8, 10B1
24ff0be8-c7bc-411e-a381-1aa41c1ed98f, 9456c5d3-db07-44b3-81c8-0c38c2572e00, 33deb341-2170-45ae-b865-69e328534495, 11B1
4f0ad79f-82d3-4d4b-a5d7-b671a71497b0, 4bcbba5d-4708-4932-ae39-b858748814cc, f485554b-0a71-47c0-955d-4e830441f22f, 12B1
30eb8585-8530-4c9e-b2f2-902ddad3dcf6, 6edcdf57-ee22-4bba-921e-a86c211d17ed, 2faaf282-6e05-4629-8003-8fe3774cd493, 10B2
24ff0be8-c7bc-411e-a381-1aa41c1ed98f, 509a8cc6-defb-465c-b25b-e126f2bbb2e9, ffc337cd-516c-4f1f-a824-e680469bebd8, 11B2
4f0ad79f-82d3-4d4b-a5d7-b671a71497b0, c801f7a0-94fb-4aa3-bf92-44b5d3faf351, 1118fd1f-e164-4ae0-9200-5bfde2280b28, 12B2
30eb8585-8530-4c9e-b2f2-902ddad3dcf6, ce1739c0-ecbb-4a5b-b4f5-37da8cc4301d, af3f6fa3-1aad-4d85-89c4-e8823e577eba, 10B3
24ff0be8-c7bc-411e-a381-1aa41c1ed98f, cbb85795-7b64-4add-baf8-2baf3ec3cdba, 6ba45a39-13e4-4ca8-8e8a-862f33d404c8, 11B3
4f0ad79f-82d3-4d4b-a5d7-b671a71497b0, 9ba3c309-a127-4ac3-8347-b2b92d703f30, a009b6e8-a1cb-484d-8cf0-8d50c2b69885, 12B3
30eb8585-8530-4c9e-b2f2-902ddad3dcf6, da6bb8e9-c0da-4cdd-9b72-30c18293dadf, f3118ad5-91db-4ae7-bffa-12b3b452e7ac, 10B4
24ff0be8-c7bc-411e-a381-1aa41c1ed98f, cdd73fb5-f33f-426f-8c3c-5f719d29885e, 23f43759-baf1-44ca-aba0-bffa59473518, 11B4
4f0ad79f-82d3-4d4b-a5d7-b671a71497b0, 23849cdd-1011-40ad-aa6d-dbc7918cf2d8, ebaab4d4-a4ae-4eda-ae10-c8ceac95e2de, 12B4
30eb8585-8530-4c9e-b2f2-902ddad3dcf6, 724d7705-45cc-460c-bda9-b0c7146afb18, 51c33e2b-41ce-4a1b-a400-c4f1b4d815df, 10B5
24ff0be8-c7bc-411e-a381-1aa41c1ed98f, a183a6d4-193c-4cc1-aedc-fd1a443c3f8a, d686042b-055e-4556-b988-71fbc336f996, 11B5
4f0ad79f-82d3-4d4b-a5d7-b671a71497b0, 73958df9-4dce-4e68-ba37-d9828895a3f5, b5d96b6a-ee06-4c50-82bc-6265d4cd2da1, 12B5
30eb8585-8530-4c9e-b2f2-902ddad3dcf6, 62ea21bd-e0de-4310-9d84-f49cf3c52b40, d7f969c3-e4dc-4bd0-8831-4b8651032a60, 10B6
24ff0be8-c7bc-411e-a381-1aa41c1ed98f, 88ad7c0f-8281-44d0-8576-3238db8b7136, 5b1d6e74-1d67-49a6-8884-efb068dc3ea2, 11B6
4f0ad79f-82d3-4d4b-a5d7-b671a71497b0, 72396530-4af5-4b64-b148-c0a0331c87ff, 16e29706-9e8c-4dae-a20c-6d878b624ed5, 12B6
30eb8585-8530-4c9e-b2f2-902ddad3dcf6, 2c09909e-1fef-48b8-b748-3c887c7ccde4, eaa2ebc5-a032-4bc3-add6-d73621c641c8, 10B7
24ff0be8-c7bc-411e-a381-1aa41c1ed98f, 4802e8f4-0fb9-491d-9933-9023cc7a8e46, 1b5170b2-4ffa-42ba-aa8e-f7ab70242b15, 11B7
4f0ad79f-82d3-4d4b-a5d7-b671a71497b0, 7798375a-f4cb-41b3-bb84-47286f3b4b76, b46ff10a-cf8e-4dde-8abf-9d6cf027a200, 12B7
30eb8585-8530-4c9e-b2f2-902ddad3dcf6, e9214fc4-7473-4f1b-a2a1-c197b8decfd1, b441a498-0f73-4332-bb13-754c45be09ed, 10B8
24ff0be8-c7bc-411e-a381-1aa41c1ed98f, d314c68a-96a9-42ae-8fcb-c98fc9d613f8, 8982559a-da4e-48db-92e5-440d02bb415a, 11B8
4f0ad79f-82d3-4d4b-a5d7-b671a71497b0, de6e38b4-62be-4ed7-a7bf-1696d47d62a3, 9a69a0ef-7ee0-4982-8a9d-cbf3ca130e55, 12B8
30eb8585-8530-4c9e-b2f2-902ddad3dcf6, b06a1b99-5c74-4027-8854-257e26ef8c9a, b208ddbb-f191-4467-afc7-307bc8cca90a, 10B9
24ff0be8-c7bc-411e-a381-1aa41c1ed98f, 346d0f12-bf33-42f9-8bfa-3ba11909dcde, 1d5379b0-6968-4b00-95da-82b287c29fb0, 11B9
4f0ad79f-82d3-4d4b-a5d7-b671a71497b0, fa5e776f-5009-448e-b942-213300eea2a6, 1799f380-294a-453e-ae40-ba31be9dba4c, 12B9
30eb8585-8530-4c9e-b2f2-902ddad3dcf6, 078afcdd-2e23-450f-998e-553261d07b78, 16232c5c-30f3-4fdc-8883-8cb3d41989cd, 10C1
24ff0be8-c7bc-411e-a381-1aa41c1ed98f, b1cf519f-8fe7-4e3a-8ad2-944e4f0ab9d0, 84b582c6-e78d-45ee-a0ae-463f060de79b, 11C1
4f0ad79f-82d3-4d4b-a5d7-b671a71497b0, 434bcb9c-fe32-4b83-b333-6ab31ae0ee9b, b9d38971-2a36-4fd5-9df1-9f0b7392a776, 12C1
30eb8585-8530-4c9e-b2f2-902ddad3dcf6, 47e9879b-68a0-41f4-b010-a7e6b414acb9, 55bb1af1-e9ae-47d2-8b7a-f22d477e2aaf, 10C2
24ff0be8-c7bc-411e-a381-1aa41c1ed98f, 9b63fdf0-b4b1-47fb-8e04-0ca2624b9841, 396c54e1-f692-47e9-a224-7d3def0d6af8, 11C2
4f0ad79f-82d3-4d4b-a5d7-b671a71497b0, 129975d0-687e-40eb-a1a5-e5cef08ed266, a2db02a0-5d84-4d46-93a6-444ace4b7e90, 12C2
30eb8585-8530-4c9e-b2f2-902ddad3dcf6, 37fc2a86-d79b-4c29-9179-a9f8001092d8, d254c91c-445e-482d-9c32-d22bbf6594be, 10C3
24ff0be8-c7bc-411e-a381-1aa41c1ed98f, 2cc5067c-455b-46e9-aa3b-fccd9ed15aa5, 85f1f1a2-2815-4233-b50e-6f83320d54ef, 11C3
4f0ad79f-82d3-4d4b-a5d7-b671a71497b0, 044c3b54-f404-402c-8675-720561908d52, 06bd7ce0-9926-453f-b1c1-6f4eafe3a18c, 12C3
30eb8585-8530-4c9e-b2f2-902ddad3dcf6, 81a4c366-b741-4252-9064-a098c06bc9bf, 7db3b14b-3443-4001-9e38-64ca8183da1e, 10C4
24ff0be8-c7bc-411e-a381-1aa41c1ed98f, 89711d7c-9b9c-4007-97a4-5990d58155ff, 59f3c963-a100-448d-b973-1c52ca35edc8, 11C4
4f0ad79f-82d3-4d4b-a5d7-b671a71497b0, b94dca51-cbd0-4c8e-944e-ec1497bd48a1, 5e92f52e-1a36-472a-9a38-de1a4815324a, 12C4
30eb8585-8530-4c9e-b2f2-902ddad3dcf6, 1e8339e3-d4b2-42c7-a9e0-bab2e07eac64, 8f821c67-f203-40a2-9422-8254e301bce9, 10C5
24ff0be8-c7bc-411e-a381-1aa41c1ed98f, 65efb773-5131-459c-bb64-d5277d7a364a, 38933767-95b1-4b1c-a19f-f69472f178ef, 11C5
4f0ad79f-82d3-4d4b-a5d7-b671a71497b0, daa2ec31-d7e2-4fe2-a0d8-d067c4e6a8d7, 49f6a7b1-b5a7-446d-906e-a5b61a06a283, 12C5
30eb8585-8530-4c9e-b2f2-902ddad3dcf6, 1f92ba06-0ed6-497a-bce3-167aec1d768c, 328f4ae0-0947-4d46-8fa6-af6e82f9a12a, 10C6
24ff0be8-c7bc-411e-a381-1aa41c1ed98f, 53360902-3105-46dd-a913-f2fd277127f2, 077c1a84-36a2-42ed-bb15-3542e351d502, 11C6
4f0ad79f-82d3-4d4b-a5d7-b671a71497b0, c94e33c5-ce51-4a03-9844-b4e969e019d1, cfdbc751-081b-4265-a387-aa5fef2b8ce2, 12C6
30eb8585-8530-4c9e-b2f2-902ddad3dcf6, d64164ef-8221-449a-b762-2dfbabf7b805, 208b02f9-a90a-4e71-a6e5-d2876d1c7105, 10C7
24ff0be8-c7bc-411e-a381-1aa41c1ed98f, 95f72782-ce74-4df1-9a64-0c4ba85c6d12, 6badd1a9-4014-4616-adbd-99abf8f12bd4, 11C7
4f0ad79f-82d3-4d4b-a5d7-b671a71497b0, 18bcd0e5-8240-4e6a-9941-5d1d809e6825, bfe0a2ad-2a4e-4303-8c23-eea76732b8c0, 12C7
30eb8585-8530-4c9e-b2f2-902ddad3dcf6, 7e06d988-3232-42e0-aad9-284d7fd33d04, a2d3776c-7ac6-4c2a-9771-d82d1ed03e28, 10C8
24ff0be8-c7bc-411e-a381-1aa41c1ed98f, 19c9ac9a-86e7-4c27-bbd5-f1f40be9a421, 18dee10d-575a-4aeb-8afa-d94cfc4ef491, 11C8
4f0ad79f-82d3-4d4b-a5d7-b671a71497b0, 05a92fe2-533f-440f-8d5d-33cc886053f9, 8bcd3ce1-c89e-4f48-a5ee-8c2f8847b8f0, 12C8
30eb8585-8530-4c9e-b2f2-902ddad3dcf6, 9b6670de-b52f-4d4b-9d5a-65430569d6f3, 22eced86-b0cf-46ff-b17d-d6bb9ea02940, 10C9
24ff0be8-c7bc-411e-a381-1aa41c1ed98f, 49731c59-64c2-440b-83fb-08cc51a50d33, 3abd582d-ecc5-4033-a921-89fe9d919cfb, 11C9
4f0ad79f-82d3-4d4b-a5d7-b671a71497b0, 1045a2a4-6539-415a-9919-00858163e7c7, 18b69489-09cc-40a0-b65e-a009e1455c0b, 12C9
30eb8585-8530-4c9e-b2f2-902ddad3dcf6, 131cf908-9f99-412c-9c0f-f6194774e0c3, bd0db34b-613d-4c4c-9b56-0d7051d016dd, 10D1
24ff0be8-c7bc-411e-a381-1aa41c1ed98f, 6b9aeca9-0d19-4b0b-9f5c-1d4590e6e08c, 298cff03-3241-4291-9281-21a440fd1120, 11D1
4f0ad79f-82d3-4d4b-a5d7-b671a71497b0, e2fd5ed7-15b4-47b2-8169-b8f7ad386447, 807780b8-6e00-44a9-be06-5c78324884d6, 12D1
30eb8585-8530-4c9e-b2f2-902ddad3dcf6, 82f43e67-0d7a-4490-a64c-09ef283a55ac, c476335c-4289-4c20-8512-0ff8c8c6d2be, 10D2
24ff0be8-c7bc-411e-a381-1aa41c1ed98f, 81309c16-53e6-4888-814e-70eeaa8b042c, a8754077-80fb-4d23-9b80-3c1c155058bb, 11D2
4f0ad79f-82d3-4d4b-a5d7-b671a71497b0, 88aa09b9-20bd-4916-8fbd-a50b52a12e17, ec9582c8-8227-40b4-905e-de30e4f5c883, 12D2
30eb8585-8530-4c9e-b2f2-902ddad3dcf6, b5a0cb75-7cff-4d82-ac78-abe300c2ede0, 0263b95f-e6a0-417b-b4a5-f0a1e98ed8a4, 10D3
24ff0be8-c7bc-411e-a381-1aa41c1ed98f, 7bd5e295-fa2c-46e7-83f4-e8bf49a6d1b4, bce2247d-6084-4140-a20e-642a0b107a34, 11D3
4f0ad79f-82d3-4d4b-a5d7-b671a71497b0, dd683afe-3c3d-43ea-822c-7f000764c82d, 4d5b221f-43e6-4761-9dc4-dd5902b20310, 12D3
30eb8585-8530-4c9e-b2f2-902ddad3dcf6, 982648c4-e5c6-4e13-a33f-6b05bc386fdd, 1502e051-d54c-4d40-95dd-7976e163c54c, 10D4
24ff0be8-c7bc-411e-a381-1aa41c1ed98f, e1423bd5-7225-4cba-a3d0-af90bef4b097, 6d966b6d-7519-4985-ba9f-4e902e6c205c, 11D4
4f0ad79f-82d3-4d4b-a5d7-b671a71497b0, 415d8316-97bf-48f3-8ff3-3b46f4c24416, bfdb1cb1-8d1b-4a57-9b95-bdef2c3e79f7, 12D4
30eb8585-8530-4c9e-b2f2-902ddad3dcf6, 880f7c8b-c640-44ca-8a53-516d35eb1803, b87f9827-49c2-4d64-b9b3-24064d435f6f, 10D5
24ff0be8-c7bc-411e-a381-1aa41c1ed98f, 341d3710-0665-4f1d-8a7f-6a9b05a79e93, 58e92e10-5d63-44ad-8759-618f90b768d0, 11D5
4f0ad79f-82d3-4d4b-a5d7-b671a71497b0, 5860ae06-53d1-49f3-8c9a-a1acfe040164, bf7d0ae2-1ce3-4d43-8133-cda8441fce11, 12D5
30eb8585-8530-4c9e-b2f2-902ddad3dcf6, 101df7db-02d0-49cb-a0ce-8af169f15201, 627448ce-9092-45f3-881f-59d22ddce9fd, 10D6
24ff0be8-c7bc-411e-a381-1aa41c1ed98f, 3aa2517c-1d03-4d73-ae8c-b227096833a8, fb6db204-b332-4167-94fa-d6d27abe9659, 11D6
4f0ad79f-82d3-4d4b-a5d7-b671a71497b0, 3d5110e5-7ad1-4673-910b-105ddeda921a, 732312ac-851a-431a-9608-358c6329b6f4, 12D6
30eb8585-8530-4c9e-b2f2-902ddad3dcf6, d899751d-0a74-4366-a75a-43691b22049f, d1678a12-ed14-4a58-8b0e-23ce8dd18b0e, 10D7
