UUID, Class, No
98c33a0b-01be-4344-a41b-42a5d905455f, ed0ecae3-e4ed-474a-ab8b-0dce65951ebb, 0
b2eef985-bfb2-40ea-bed5-091e66550634, 93e5dd99-3041-4539-9402-fb86239a3c5d, 1
5bdd321b-8631-4cdb-92f4-37cff35ca4a0, e472e399-a69c-44e0-b6a4-196601a1f86d, 2
4b3d8b3c-b9f6-4083-b8e8-d2ed287f6f10, c3d84c47-ba36-4744-8153-1c5afcca0724, 3
502530f3-0fdd-459b-b9ae-0757a810fd08, cbfc42d9-77bc-467c-9793-74d9850073ee, 4
3b9f2e66-d305-4177-b689-a33aa3ef69a7, 544a0ab9-9e1d-4658-8d7e-01d1e3755bde, 5
32d8a5ea-f132-4828-b767-daf2df21f5b7, 9559a8a5-e006-40e3-9125-65d5fc86b406, 6
028042e1-c171-46f1-8993-43ea7bc5137e, 8fa4f5b1-15db-431d-89bf-eee559a6980c, 7
5691243f-d90c-4436-aded-88572f2ac1ea, 200e0623-efb6-4be4-a85b-3efd59608c3e, 8
f36d9106-04c9-4703-82ea-307cdb98f19a, e0269cce-0da5-4fcd-843d-a288f3ba2550, 9
fa3ae871-5a30-4350-b8c4-fb824ee97d1d, 45828ddf-58bf-4ef6-891a-f91ef3ffa80b, 10
e66c0c18-2fb8-45fc-9811-a0e452a4e027, 662a7556-ce25-4f98-907f-9b3c96d28586, 11
171f2027-4792-452a-b8ec-e05a8c63dd95, 3d10e919-334a-4bae-9182-d3acca139725, 12
b5763f7e-d5e7-4fd8-b993-1bdc83d8a8c5, 46513507-8621-4800-87d0-c18837fc31f3, 13
2e950fb7-a583-4bdc-9e03-d6a52e057328, 56d834ea-0e12-4693-8e1c-f5c3f128d129, 14
e1e57903-e95c-4954-a2c9-7617eff438d7, 0c6f5f39-73e2-4102-a0de-467cc37e59be, 15
0d3595e6-fa19-403a-ad29-b56453e76882, 78acb495-3770-44fa-8941-adebeb00f118, 16
02458115-b76d-41ce-8207-6be6dba77a3d, 5bea7746-f782-454c-92ee-989500742d43, 17
52810603-14e4-4dae-b3e8-ee40624bddd3, 6402b0e5-acb3-4d01-a5b9-5ef9bbf3d3b2, 18
a506a073-27a3-438a-a466-272cd03e9bc2, 901d32e2-da16-4f4a-bb92-ff62952631e6, 19
03d07934-f05a-45de-8740-d1479a9e93da, 5bbf031e-8503-4a7b-85bb-b15ad2991c5f, 20
7ed72437-75d5-440b-9310-1c58ca54d195, bf529c66-ed5d-4567-ac6b-d8a296c675a2, 21
cddfc340-3ded-482f-beab-4adeb0b5c52c, e3f3bf62-fc22-4a46-a3fb-e1ebabd50c16, 22
ec40e3f3-77ad-4a14-ba83-c7c5c10c3bfc, 04102752-22d4-4647-bfe6-82d8c68e5c47, 23
158a4820-5360-4f00-bc48-824b1aacd27b, 95f5ebf9-1bcb-4736-8915-4abb759046d3, 24
5701e758-3711-4219-8752-9d0f15d72732, ec02ae01-45b2-4482-9599-3f0e5202bfd4, 25
d352245f-ca39-4eb0-a066-0a359033e480, c671f71a-d1cb-47ca-b2c9-39bf2b9b469d, 26
64542397-93af-4673-a517-1b647036751d, c610961c-3c5f-4f8f-95e8-671ae579cf5c, 27
60599623-d8d0-4ac2-9712-e23bec6d062e, ae6394fa-9190-4eb2-8e4e-14ed7abe06b6, 28
375ad48c-0c6f-47eb-b6af-0797d7e7bc07, d53859d8-7954-4cc8-8a4d-e044bcd9a300, 29
2069f6a0-323f-4c48-b3f0-b5ed9f6d3ab0, e28f29d0-766d-4c45-af93-63e7e5b85b1d, 30
fb80b84a-07e8-4899-9c8a-374f1f521df4, 71f983c6-8ba9-4291-992c-4451c50615f5, 31
5e9af393-5c81-4c1d-9d56-0b6aae426315, aa97c35d-32bb-4c34-949b-376ca627af51, 32
563f8135-2207-452e-bdff-94acbff2067f, 16bb6998-3305-49b6-aadf-b382c176a981, 33
b78889a3-1241-4a43-a571-250bde14fafd, 0107fb94-e80f-4f95-96d6-47266f262f48, 34
22e3feac-3da3-4c19-b161-72dbe85ce51a, 6b39fca8-a694-4071-bb36-12d5c93e4754, 35
41f6febd-017a-4c26-b9bb-98334c269a03, 1788f4d7-5512-4a3f-8ae6-c8a6f6f1424f, 36
d8c36f46-6f03-40e3-818a-4e2c93cddcc5, e2dba539-1642-4c10-b968-dfd41c5b6f70, 37
318c2387-4d54-4f09-899c-83023e6311e0, 823d36f4-98d2-435f-9382-e021d23411ed, 38
47579f15-804b-4f0f-b3c5-9853e76ddd94, 606b0c67-02fb-4c38-ba47-befe6ed87d0f, 39
6db7d6e7-3af7-4863-b9aa-1d5d7a83473a, 102a3250-938c-4738-90c9-f84117aa7473, 40
adf47e3b-2440-4460-a1d0-e0cb9e5d6a17, 7c634511-116d-465d-bde4-a35a6a9dd377, 41
afc97089-dece-4a07-a724-abcb6519bdfd, c1909eb2-34ae-4ed1-8e77-0e3ac101630f, 42
06f827db-39dd-4ac1-a352-0199647ef132, 5636f62a-34cf-488c-b000-aeae6eef4479, 43
44bfc0f7-61db-4462-a018-59b388dcf89f, 795b2563-d879-426a-ab14-1143969a749a, 44
26a86d3e-0eb9-4ea7-8d46-109135d8c240, 6b99e9e8-1eec-4263-bb4b-85c3fff82dcd, 45
5d5bc758-c1fa-4290-81bf-b4e883dde1b5, 24d22640-1802-4899-8b62-5197d2c9a3d1, 46
3e884202-4a20-4e84-be3f-393ee5a4e018, 7a5bf277-aae9-4b1f-b799-68873468463a, 47
14fee31d-1cd6-453c-983d-0cb28bc6996e, 9731868e-afe3-42f0-a241-72961d4b80d2, 48
41eee92e-ecb8-44b1-9dde-fa5008b68773, b1a88c1e-760b-4e43-8dbd-da8f28f8f9b0, 49
976d6d99-f13b-43bf-bc0c-363aa5b43c4b, 153b77eb-57a9-4832-a741-fa58184c3a82, 50
5b8300a2-3deb-430c-8344-dd08b7ac94c9, f94d49a3-48db-4871-993e-423cadc3b608, 51
384882f5-c7d0-45d7-b2b2-37af4e79a421, 8da9b1bf-7f81-43a9-a043-a68db5ab6758, 52
4b77be25-5cd9-448d-be4a-012dc5930e53, 735d6658-3b45-412e-a05c-a46c93cfc329, 53
0c8d1f5d-923d-425c-a5e3-22abfeb85278, a2ec4eab-c2e7-42ef-b09c-ecb112ffe539, 54
0943e017-d826-4858-930d-f107e5838319, ffff2c19-15d0-474d-b6d8-9130836de294, 55
627021f4-8273-44ea-a56b-5bb7b0c14348, 67cd72e4-fe10-42b6-bb5d-c48c80cec92c, 56
0af36b2a-062e-43de-b8fc-18626021b4ea, 4763f17e-38bc-4ec2-8c05-33a6db092253, 57
6831c1d4-a180-4161-82e0-1abaf2868a5f, 42e0375d-3146-4f27-9045-0a6f90a32373, 58
26a4fb3c-a7f6-498a-b2aa-9b9659533978, b24fb791-f1d5-46bb-b845-a89377beaeaf, 59
e1287a95-8ab9-4fd2-a409-5eddeb2275df, ee353df7-32a0-4afe-a7eb-12ced4a98a06, 60
068c324c-8293-470e-a5ee-9852aab2e5db, 3b33fac0-85ec-4d74-9750-f8ee5e415604, 61
891f4ad1-2f52-41c5-afda-48aba727a58b, ab7ec9c6-f7e1-4432-9d8d-1e2e294c8a67, 62
858e73a4-3559-4e5d-be4d-afde71b47e7c, ab2dead9-958e-4187-ad85-72ea301cb588, 63
75ea72d9-93dd-46d7-be73-fd01528417c0, a0847f0b-fee7-49ac-821c-d5973ee928bf, 64
d1c6ffc9-f905-427c-b3dd-ea51b9e029c2, 0ee87ef9-eee7-4ea8-b30a-b9cb9396d676, 65
f52d7e4f-e160-4fe9-8664-48202718b665, a5941061-bd14-40f1-9471-b651bcf2ffa6, 66
ac9328f6-211a-4bf6-adc0-d281d38b236d, 5c45a5ed-4bc5-4771-9c95-726a17f49bde, 67
f3cfb3a4-b7a5-4dd0-ae28-c0619ec28fd5, 400c870d-6f4b-46ad-944a-c0baf3ce2977, 68
195d2129-241a-4653-beb8-a0a2745b9457, 3f29a771-909b-497d-8fad-13ff44940c43, 69
7862a244-302b-4b4f-8797-7488f6a24b84, 853821f4-b25a-4561-a221-a02d7090077f, 70
1cc3c8f3-e2f7-47dd-b214-81f2ac995647, 6d286a39-ef60-436c-b54d-31eef9736ecf, 71
bb5953d4-8cc8-48dd-b462-1636d2a7c7e9, 6a12d029-a863-4681-97fd-003ad73a84e9, 72
7cf9cfd6-1af2-4f08-bb6b-10551ccbb31b, 145c5a87-52b0-4553-a9d1-e4b5e185d3ac, 73
c76d60c3-79d4-439d-953e-96a95e89cdb2, 60dadd5d-2141-4b5b-880e-aa03811ed1eb, 74
79f04054-3632-48f3-8a7a-35ffbb43a94c, 59ad718f-f0d3-428b-8275-e9ea190023a4, 75
12b2c99c-73e4-4e2c-a40d-e76ebbb13d24, 234994f4-5381-47f4-8986-73c46b425db4, 76
908a4b9e-29e2-461c-8a67-8474b816e83c, 4d54fe2a-1fe1-4b21-932c-f2d02290fee4, 77
6157719b-c610-4aa5-bfc6-9b439e0150a8, ed743648-7548-49bb-b2eb-5f1b225537ce, 78
16f23ff6-8fb2-4a74-ac72-0aab28a7875c, 01a6cb61-c9f5-4162-8beb-3084e8bbc250, 79
1e4cb21e-43e0-4a9f-b1d1-fdec1cb03a5a, 4eb0a2f7-4bf6-4c4d-a3d6-8d35c177c21c, 80
6c25b2d3-9602-472f-8db9-96ac21ab8e30, 2c9a3ce5-e87c-4b7c-a7a8-f005b4b52e8a, 81
dfb524ce-38f2-4cfa-84ce-d618d4d90733, b07482df-8af7-40ec-a57e-7013b7bcae0d, 82
901b5132-5ab0-4f2d-89ad-3196c00b5b6b, aa5f0b13-25ea-4623-a51b-4c00b2957e13, 83
003117e2-1e3c-4b06-8734-37ce02d1bdfe, 37e4fa70-e278-4ed5-8fbe-2ba7f4b0b828, 84
887b8773-6153-423a-8bdf-3f98c0b2fc53, 9f647b28-2f9c-4a44-85db-c4a830da445d, 85
dcaabf30-3839-401c-8301-6292e2cdee90, cfa5cbd2-0026-4b59-8dea-2220caad1f84, 86
b54b92b3-6a50-4487-b2c4-80246b48afe7, 9f9a6b90-6c0b-4dc8-9c08-dcde74f14c8c, 87
27beecfd-7775-4222-9142-9180eaa78d17, f777a3e6-bc45-4050-addb-67c5e95e0cb4, 88
47e885e8-4393-4945-9df6-15fe4cee42bc, 629dc72a-c9c1-4f39-a08b-d4ba6a093e1c, 89
e6cf78c5-086b-4a05-a54b-03e18fa054b5, 709691d4-857c-4f9d-83e1-add457f3da0f, 90
8370d663-5949-4570-8a71-5db893cc652f, 2d5f3b5d-1187-42ab-b1c5-32a2fdc2c66f, 91
190d149e-2d2e-4a64-b69a-168e74405c38, 130b596b-8e66-4b42-a052-298656b9c26e, 92
586b793c-85a0-48e6-9aa6-cc655cb6d6ad, fe9fb3fe-ace9-4f48-8bdd-0610a3b73303, 93
ba79a19f-74c0-46b9-85e3-0c245e15803f, 969cc920-3d0c-427b-a015-de16ad54a99b, 94
1a69d89d-5182-48f8-afbc-a4ee09402f48, 7ce37b18-dad5-4596-9c0f-28b7c246630c, 95
71ca653d-0923-4e78-8d84-58676d3ae279, a90b70e6-28be-4170-9bd4-b7076a95a5b3, 96
b5e2a659-89e0-4db1-b8ef-573f1b5bac1f, 55beb5f1-e683-4700-998f-c6063072e2a9, 97
ffb3460f-6f79-4a6d-a14e-211e97353074, 99ef324d-cc93-4b07-ac82-d625dd9e8521, 98
6cf4d209-ebec-49d6-a422-6066171c053c, d05a5225-3da9-4340-be04-e50991cb40cb, 99
