ID, Level, Room, Name
a6799ca9-1215-432d-a875-51d8cbd02bed, 548e871e-3a14-4f2b-a818-eb4359cb6757, a3b1584b-137c-44e0-a512-81a387aba3f7, 10-6
59db1706-73af-47f9-ac9d-4d010c93b0eb, 548e871e-3a14-4f2b-a818-eb4359cb6757, 8c8696a4-0e73-4f9b-a2b7-7cdb8e698879, 10-15
5d9c6bf0-be8c-49db-a825-4876acec9c14, 9cd22f66-afe8-439d-b579-bc9c2a868c48, 82264a8d-41cf-47c4-bbc4-c4f7f7fd4d58, 12-12
8b792de9-8789-4ffa-8a12-7199fdf74c8e, 2f612f93-9bf0-49a3-b2ee-cb615f9014c7, 591ae31d-d181-4629-b51b-d230592d0e74, 11-5
6ebb8594-04ab-440a-bf12-766994501b06, 9cd22f66-afe8-439d-b579-bc9c2a868c48, 6ea43fb2-8631-4976-8898-e9d7f7dbcb08, 12-14
b493a338-0f89-4145-b866-aac85d4e2039, 548e871e-3a14-4f2b-a818-eb4359cb6757, 16d3a95d-66d1-4500-b64e-de30d10a7a62, 10-10
56bd8dbc-d777-428c-bdfb-761d1c2a831e, 9cd22f66-afe8-439d-b579-bc9c2a868c48, 8c8696a4-0e73-4f9b-a2b7-7cdb8e698879, 12-15
01a7cb80-e75e-443f-96d6-8c2a6dce2a7c, 9cd22f66-afe8-439d-b579-bc9c2a868c48, 6ea43fb2-8631-4976-8898-e9d7f7dbcb08, 12-14
e21ee4df-29fc-44ee-8904-442383cfa9eb, 9cd22f66-afe8-439d-b579-bc9c2a868c48, dc207c47-9439-44f4-9d35-64e490b11a57, 12-16
93aa5b8e-1eaf-40bb-9e0e-6d24ece7fe79, 548e871e-3a14-4f2b-a818-eb4359cb6757, d5257b8b-95e5-4f0d-9a6e-9cc112eeb212, 10-8
96891115-2136-4ae1-8f52-981c69968a2b, 2f612f93-9bf0-49a3-b2ee-cb615f9014c7, 634f8385-0cdb-4203-9449-9bb099383c73, 11-3
176f17cd-f2f8-499f-89c6-afa65f1cd403, 9cd22f66-afe8-439d-b579-bc9c2a868c48, d6a73b36-d86f-442e-b806-e1ef689ed80b, 12-4
22ba0943-54e8-4df3-bf47-3a2f7cf440d1, 548e871e-3a14-4f2b-a818-eb4359cb6757, 4df99727-50ab-431b-90ff-38190254db1b, 10-20
e62d82da-da12-4420-9b2c-e4998466614b, 2f612f93-9bf0-49a3-b2ee-cb615f9014c7, a3b1584b-137c-44e0-a512-81a387aba3f7, 11-6
c6a049bf-77ca-4d0f-97cd-ef38cbf6afb9, 2f612f93-9bf0-49a3-b2ee-cb615f9014c7, e3b96012-87b8-4006-922a-20163e6c678c, 11-2
0e45d076-a5ca-4e9d-8c45-550ee7cdd08e, 2f612f93-9bf0-49a3-b2ee-cb615f9014c7, 4e2f8164-7325-470d-894f-977f633163a0, 11-1
ff91243c-9298-4e6c-a109-daae979388e7, 2f612f93-9bf0-49a3-b2ee-cb615f9014c7, fa9daa89-ced0-4737-8170-5078041d1789, 11-9
18111d96-ebb7-43bd-afa7-a75b3c5b55aa, 2f612f93-9bf0-49a3-b2ee-cb615f9014c7, fa9daa89-ced0-4737-8170-5078041d1789, 11-9
46a8f02a-9ed7-4195-ae9d-5ba8c38aa29a, 548e871e-3a14-4f2b-a818-eb4359cb6757, 4e2f8164-7325-470d-894f-977f633163a0, 10-1
3ae878a7-80f9-4bbe-b922-6a1f9b780ee0, 2f612f93-9bf0-49a3-b2ee-cb615f9014c7, d235d2c2-9934-47b3-b384-4f59e7d2fb0e, 11-18
