UUID, ClassUUID, No
ed051a88-f3cf-4529-8301-15e2198d23b2, 681cb63c-976f-434e-9e37-af6397c87def, 1
fe0bc4ab-0aa2-41e0-8aeb-43c74b702db1, eab2e07e-54f8-48f0-a06c-2b66e139d2af, 2
cea25606-77ac-4392-9b71-f9f6d4a968c7, 6c7bb928-55f4-4f09-82ef-2e61f80a4e73, 3
fdb0ff0b-f92c-45bb-8314-c276a58d958d, 766538e0-13f1-4759-91fb-b882091cc902, 4
9b92ae7c-2f0b-44b1-83a3-2df8e820dd6a, 2c3aae18-cb86-4cc2-a1d4-b26f3688bfc8, 5
1fe5fc0d-e6da-4c34-a116-5233b1b78950, c7886592-9370-42f9-bdea-5df1aa69d890, 6
083f0f44-4394-4e6a-b546-ccd73b56ecb2, b1b95f0e-ef7e-45a9-a0dc-3a4c36ad4bee, 7
ea93b933-109f-4924-9684-65a26cbfa408, b8562af5-ca2c-4916-93c9-7a0088bd765f, 8
61d0b491-16f3-46a8-8a75-ce8b14a07cb0, 681cb63c-976f-434e-9e37-af6397c87def, 9
2443ccac-2bb5-417e-8338-920d1fde5018, eab2e07e-54f8-48f0-a06c-2b66e139d2af, 10
e1d1dfc3-29ef-4a8a-a643-6b07b18e6f5d, 6c7bb928-55f4-4f09-82ef-2e61f80a4e73, 11
462f835a-7e1c-4922-a55a-6a8d94e98439, 766538e0-13f1-4759-91fb-b882091cc902, 12
6a08c8ad-fea1-4bf3-9c23-01fa23edda5a, 2c3aae18-cb86-4cc2-a1d4-b26f3688bfc8, 13
adb0d973-f311-4210-b96e-e3da5f1d9ad8, c7886592-9370-42f9-bdea-5df1aa69d890, 14
3e76c020-23d8-43cc-8dd1-d5bf2cb26574, b1b95f0e-ef7e-45a9-a0dc-3a4c36ad4bee, 15
420882d9-ed91-46a9-933a-fc9666fc4b51, b8562af5-ca2c-4916-93c9-7a0088bd765f, 16
e05e8a2b-7f20-40f1-91ed-9360ff948483, 681cb63c-976f-434e-9e37-af6397c87def, 17
8ba5bcb0-0dc3-4bc5-b4d2-336de9fd9cff, eab2e07e-54f8-48f0-a06c-2b66e139d2af, 18
020b1b7a-9b17-4291-9b49-328e12c9de5c, 6c7bb928-55f4-4f09-82ef-2e61f80a4e73, 19
15dfa9e7-a5f8-406f-89b7-dd567f7b1ee2, 766538e0-13f1-4759-91fb-b882091cc902, 20
60efff82-f166-44b1-929f-49eb575795f3, 2c3aae18-cb86-4cc2-a1d4-b26f3688bfc8, 21
0742ebbb-321f-4fe4-95b9-fc5f4d9b9402, c7886592-9370-42f9-bdea-5df1aa69d890, 22
df28339d-37ec-428f-9fa9-0fb818f39467, b1b95f0e-ef7e-45a9-a0dc-3a4c36ad4bee, 23
52661e77-06c6-43a4-bf6f-3fcc21ee1807, b8562af5-ca2c-4916-93c9-7a0088bd765f, 24
