LevelUUID, FieldUUID
34a5674b-511a-43cd-bcac-71e2472014a2, a29737f9-445b-4f22-af1b-4559e47f2d5e
34a5674b-511a-43cd-bcac-71e2472014a2, 271523f1-5618-4c7d-ac7c-c62ce9e72ade
34a5674b-511a-43cd-bcac-71e2472014a2, 5a5c739b-df6c-4723-abf4-24e727adf7f9
34a5674b-511a-43cd-bcac-71e2472014a2, 17e9e1f0-2044-45fd-a654-171e92eb17bc
34a5674b-511a-43cd-bcac-71e2472014a2, 8f52f010-3bf6-4dce-9191-b58353893d64
34a5674b-511a-43cd-bcac-71e2472014a2, 4ab2acea-95a0-444b-be4e-4c58a0c90e7e
34a5674b-511a-43cd-bcac-71e2472014a2, 780ccc0d-25ab-4de3-83de-18b1b5a68369
d1dcff16-7ec5-4fca-80c8-1f13e802cc4d, a29737f9-445b-4f22-af1b-4559e47f2d5e
d1dcff16-7ec5-4fca-80c8-1f13e802cc4d, 271523f1-5618-4c7d-ac7c-c62ce9e72ade
d1dcff16-7ec5-4fca-80c8-1f13e802cc4d, 5a5c739b-df6c-4723-abf4-24e727adf7f9
d1dcff16-7ec5-4fca-80c8-1f13e802cc4d, 17e9e1f0-2044-45fd-a654-171e92eb17bc
d1dcff16-7ec5-4fca-80c8-1f13e802cc4d, 8f52f010-3bf6-4dce-9191-b58353893d64
d1dcff16-7ec5-4fca-80c8-1f13e802cc4d, 4ab2acea-95a0-444b-be4e-4c58a0c90e7e
fa4355c0-1695-42d9-a984-55eb6bee7f57, a29737f9-445b-4f22-af1b-4559e47f2d5e
fa4355c0-1695-42d9-a984-55eb6bee7f57, 271523f1-5618-4c7d-ac7c-c62ce9e72ade
fa4355c0-1695-42d9-a984-55eb6bee7f57, 5a5c739b-df6c-4723-abf4-24e727adf7f9
fa4355c0-1695-42d9-a984-55eb6bee7f57, 17e9e1f0-2044-45fd-a654-171e92eb17bc
fa4355c0-1695-42d9-a984-55eb6bee7f57, 8f52f010-3bf6-4dce-9191-b58353893d64
fa4355c0-1695-42d9-a984-55eb6bee7f57, 4ab2acea-95a0-444b-be4e-4c58a0c90e7e
