ID, Class, No
dd939573-46b4-4ae0-b5d0-46dffbe6ad30, f6456af1-2982-410f-96d4-82f015805b15, 1
5c6f9acc-2626-4147-9829-93246265b74c, cea9d0af-d49d-4993-b5a7-b2bc458c0e51, 2
af3026ad-a79e-42e4-a9b3-699634c7e227, 3ca1c636-4452-45a2-96ca-880ce9d38af0, 3
c7b5290a-f66b-4459-a76f-e71e4380061c, 9acda45f-f4da-48e3-9599-56f677b54f64, 4
4199c361-86eb-43c7-83b9-936e632ca1aa, 3cab342c-7aef-4dcd-a4c9-3bb2ef7c76a6, 5
82482430-0dad-4060-9666-c914d5a15dae, 8ab4105a-6c31-48f4-9955-171a10e7aa07, 6
b9fa05e7-2346-4f41-b5c6-6af9d1cc2f26, 8180ac38-c247-4389-b325-5cd541f79716, 7
203a21df-f8d0-4424-8566-9daa341d242d, fc864f89-ce30-412b-9e3f-547a9bc9b849, 8
30ac6e7a-d96a-44ba-9141-c360042e7974, f988ee4b-abc7-45bb-850d-5a309868a49c, 9
6f080403-97a2-4093-8e1f-55fbd9060aff, 05149576-e306-46ad-a0f0-669078479f45, 10
4429c170-5e7c-47f5-b0a0-7f462c71a0db, 0530c010-8a48-49f4-89b7-44ea48c511b8, 11
2222f539-0db7-451b-8489-d4348b610e25, 2cd4b80e-0176-46ed-88e4-37e520008052, 12
9407cc92-439e-4af3-aef5-8a10316e77a2, e9bb0ba7-1e2f-43ca-8e0c-a52d40c44054, 13
f9a5289f-cff2-41d2-8736-3f0aba4851b8, e69aa1c2-02d7-46e9-aed4-b46c233be837, 14
8e65a925-d412-42f5-8922-f88980aa631c, f0ba5591-53c9-455e-bc7c-6f901ae12d91, 15
8b21670c-a137-4ac3-84da-9bfb95fcd55e, 6062bd63-9375-46e1-9958-4cead2e1c039, 16
b5d85c38-d2c2-4a63-8c2c-9910f422eed9, 46814247-6fbf-4be5-a634-649cafd14303, 17
bab3fef7-0baa-494c-8b4a-d621dd6de47f, 831680c0-b9cc-4586-a6ae-9f45eb8593fb, 18
ea16d7e4-f461-43ff-9f08-4a5435c49b69, 171bf347-666b-452a-baa5-281702122dca, 19
b988ee2d-a9e8-4980-bcc4-f03194aa3544, 5834c763-a6d4-4eb5-a54a-2f321c2ac054, 20
